Workbook

Sheet Summary
A1: EU AI Exposure Index — Eurostat 2-digit build
A2: Scope | B2: EU27_2020, Y20-64, 2024 employment exact from lfsa_egai2d | E2: Status | F2: v2: exact employment, modeled exposure + modeled earnings | G2: v4: exact employment, modeled exposure, SES-anchored occupation earnings | J2: Status | K2: v3 country-anchored earnings bands
A4: Key metrics | J4: Additional metrics
A5: Total EU jobs (m) | B5: =SUMPRODUCT((LEN(Occupation_2D!A2:A54)=4)*(Occupation_2D!D2:D54)) | C5: Should match Eurostat total 196.97m | J5: Exposed wage mass low (€T) | K5: =SUMPRODUCT((LEN(Occupation_2D!A2:A54)=4)*(Occupation_2D!Q2:Q54))/1000000000000
A6: Average exposure score | B6: =SUMPRODUCT((LEN(Occupation_2D!A2:A54)=4)*(Occupation_2D!D2:D54)*(Occupation_2D!E2:E54))/B5 | C6: Employment-weighted | J6: Exposed wage mass mid (€T) | K6: =SUMPRODUCT((LEN(Occupation_2D!A2:A54)=4)*(Occupation_2D!R2:R54))/1000000000000
A7: Workers in high-exposure jobs (m) | B7: =SUMPRODUCT((LEN(Occupation_2D!A2:A54)=4)*(Occupation_2D!F2:F54)*(Occupation_2D!D2:D54)) | C7: Two-digit occupations scoring >=7 | J7: Exposed wage mass high (€T) | K7: =SUMPRODUCT((LEN(Occupation_2D!A2:A54)=4)*(Occupation_2D!S2:S54))/1000000000000
A8: Share of workers in high-exposure jobs | B8: =B7/B5
A9: Modeled exposed wage mass (€T) | B9: =SUMPRODUCT((LEN(Occupation_2D!A2:A54)=4)*(Occupation_2D!R2:R54))/1000000000000 | C9: Uses direct 2022 SES major-group occupation earnings anchors, not flat modeled wage multipliers | J9: Country salary P25 | K9: =Controls!B3
J10: Country salary median | K10: =Controls!B4
J11: Country salary P75 | K11: =Controls!B5
A12: Most exposed 2-digit occupations | E12: Least exposed 2-digit occupations
A13: General and keyboard clerks | B13: 8.8 | C13: 8.007 | E13: Agricultural, forestry and fishery labourers | F13: 0.8 | G13: 1.3711 | J13: Interpretation | K13: Employment exact; exposure modeled; earnings shown as country-anchored low/mid/high range, not direct SES occupation extract.
A14: Information and communications technology professionals | B14: 8.8 | C14: 5.2706 | E14: Armed forces occupations, other ranks | F14: 0.8 | G14: 0.5731 | K14: Employment exact; exposure modeled; earnings anchored to direct 2022 SES occupation earnings by major group, then distributed across 2-digit occupations proportionally within each major group.
A15: Business and administration professionals | B15: 8.2 | C15: 9.7009 | E15: Cleaners and helpers | F15: 1 | G15: 6.1473
A16: Legal, social and cultural professionals | B16: 7.9 | C16: 6.0732 | E16: Market-oriented skilled agricultural workers | F16: 1 | G16: 4.6481
A17: Customer services clerks | B17: 7.8 | C17: 3.5201 | E17: Building and related trades workers, excluding electricians | F17: 1.1 | G17: 7.411
A20: Method and limits
A21: Employment is exact Eurostat API output from lfsa_egai2d for EU27_2020, sex=T, unit=THS_PER, time=2024, age=Y20-64.
A22: Exposure scores are modeled at the 2-digit occupation level using task/interface logic inspired by GPTs-are-GPTs style exposure scoring.
A23: Annual earnings are anchored to direct 2022 SES occupation-group earnings from Spain's official Wage Structure Survey release, with Eurostat/EIGE ISCO definitions and EU employment weights. This is materially better than flat proxies but still not a full EU27 direct occupation earnings cube.
A24: The remaining limitation is that the earnings anchors are direct SES occupation data from a Member State, not a complete EU27 direct extract from earn_ses22_49 or earn_ses_annual.

Sheet Occupation_2D
A1: code | B1: occupation_label | C1: employment_ths_2024 | D1: employment_m_2024 | E1: exposure_score_0_10 | F1: high_exposure_flag | G1: annual_earnings_proxy_eur_2022 | H1: wage_mass_eur | I1: exposed_wage_mass_eur | J1: major_group | K1: notes | L1: source_url | M1: earnings_multiplier_vs_eu_avg | N1: salary_low_country_p25_eur_2022 | O1: salary_mid_country_median_eur_2022 | P1: salary_high_country_p75_eur_2022 | Q1: exposed_wage_mass_low_eur | R1: exposed_wage_mass_mid_eur | S1: exposed_wage_mass_high_eur | T1: leaf_2d_flag
A2: OC1 | B2: Managers | C2: 10449.8 | D2: 10.4498 | E2: 6.3 | F2: 0 | G2: 59478.63 | H2: =C2*1000*G2 | I2: =H2*E2/10 | J2: OC1 | K2: Employment exact from Eurostat lfsa_egai2d; earnings anchored to direct 2022 SES major-group occupation earnings, then distributed within group proportionally. | L2: https://ec.europa.eu/eurostat/api/dissemination/statistics/1.0/data/lfsa_egai2d?geo=EU27_2020&sex=T&unit=THS_PER&time=2024&lang=EN | https://www.ine.es/dyngs/Prensa/en/EES2022.pdf | M2: =G2/Controls!$B$2 | N2: =M2*Controls!$B$3 | O2: =M2*Controls!$B$4 | P2: =M2*Controls!$B$5 | Q2: =C2*1000*N2*E2/10 | R2: =C2*1000*O2*E2/10 | S2: =C2*1000*P2*E2/10 | T2: 0
A3: OC11 | B3: Chief executives, senior officials and legislators | C3: 1593.5 | D3: 1.5935 | E3: 6.6 | F3: 0 | G3: 71339.16 | H3: =C3*1000*G3 | I3: =H3*E3/10 | J3: OC1 | K3: Employment exact from Eurostat lfsa_egai2d; earnings anchored to direct 2022 SES major-group occupation earnings, then distributed within group proportionally. | L3: https://ec.europa.eu/eurostat/api/dissemination/statistics/1.0/data/lfsa_egai2d?geo=EU27_2020&sex=T&unit=THS_PER&time=2024&lang=EN | https://www.ine.es/dyngs/Prensa/en/EES2022.pdf | M3: =G3/Controls!$B$2 | N3: =M3*Controls!$B$3 | O3: =M3*Controls!$B$4 | P3: =M3*Controls!$B$5 | Q3: =C3*1000*N3*E3/10 | R3: =C3*1000*O3*E3/10 | S3: =C3*1000*P3*E3/10 | T3: 1
A4: OC12 | B4: Administrative and commercial managers | C4: 2868.9 | D4: 2.8689 | E4: 7.2 | F4: 1 | G4: 65394.23 | H4: =C4*1000*G4 | I4: =H4*E4/10 | J4: OC1 | K4: Employment exact from Eurostat lfsa_egai2d; earnings anchored to direct 2022 SES major-group occupation earnings, then distributed within group proportionally. | L4: https://ec.europa.eu/eurostat/api/dissemination/statistics/1.0/data/lfsa_egai2d?geo=EU27_2020&sex=T&unit=THS_PER&time=2024&lang=EN | https://www.ine.es/dyngs/Prensa/en/EES2022.pdf | M4: =G4/Controls!$B$2 | N4: =M4*Controls!$B$3 | O4: =M4*Controls!$B$4 | P4: =M4*Controls!$B$5 | Q4: =C4*1000*N4*E4/10 | R4: =C4*1000*O4*E4/10 | S4: =C4*1000*P4*E4/10 | T4: 1
A5: OC13 | B5: Production and specialised services managers | C5: 3537.4 | D5: 3.5374 | E5: 5.4 | F5: 0 | G5: 57467.66 | H5: =C5*1000*G5 | I5: =H5*E5/10 | J5: OC1 | K5: Employment exact from Eurostat lfsa_egai2d; earnings anchored to direct 2022 SES major-group occupation earnings, then distributed within group proportionally. | L5: https://ec.europa.eu/eurostat/api/dissemination/statistics/1.0/data/lfsa_egai2d?geo=EU27_2020&sex=T&unit=THS_PER&time=2024&lang=EN | https://www.ine.es/dyngs/Prensa/en/EES2022.pdf | M5: =G5/Controls!$B$2 | N5: =M5*Controls!$B$3 | O5: =M5*Controls!$B$4 | P5: =M5*Controls!$B$5 | Q5: =C5*1000*N5*E5/10 | R5: =C5*1000*O5*E5/10 | S5: =C5*1000*P5*E5/10 | T5: 1
A6: OC14 | B6: Hospitality, retail and other services managers | C6: 2412.7 | D6: 2.4127 | E6: 4.8 | F6: 0 | G6: 47559.44 | H6: =C6*1000*G6 | I6: =H6*E6/10 | J6: OC1 | K6: Employment exact from Eurostat lfsa_egai2d; earnings anchored to direct 2022 SES major-group occupation earnings, then distributed within group proportionally. | L6: https://ec.europa.eu/eurostat/api/dissemination/statistics/1.0/data/lfsa_egai2d?geo=EU27_2020&sex=T&unit=THS_PER&time=2024&lang=EN | https://www.ine.es/dyngs/Prensa/en/EES2022.pdf | M6: =G6/Controls!$B$2 | N6: =M6*Controls!$B$3 | O6: =M6*Controls!$B$4 | P6: =M6*Controls!$B$5 | Q6: =C6*1000*N6*E6/10 | R6: =C6*1000*O6*E6/10 | S6: =C6*1000*P6*E6/10 | T6: 1
A7: OC2 | B7: Professionals | C7: 45639.9 | D7: 45.6399 | E7: 6.5 | F7: 0 | G7: 39356.06 | H7: =C7*1000*G7 | I7: =H7*E7/10 | J7: OC2 | K7: Employment exact from Eurostat lfsa_egai2d; earnings anchored to direct 2022 SES major-group occupation earnings, then distributed within group proportionally. | L7: https://ec.europa.eu/eurostat/api/dissemination/statistics/1.0/data/lfsa_egai2d?geo=EU27_2020&sex=T&unit=THS_PER&time=2024&lang=EN | https://www.ine.es/dyngs/Prensa/en/EES2022.pdf | M7: =G7/Controls!$B$2 | N7: =M7*Controls!$B$3 | O7: =M7*Controls!$B$4 | P7: =M7*Controls!$B$5 | Q7: =C7*1000*N7*E7/10 | R7: =C7*1000*O7*E7/10 | S7: =C7*1000*P7*E7/10 | T7: 0
A8: OC21 | B8: Science and engineering professionals | C8: 7547.1 | D8: 7.5471 | E8: 7.2 | F8: 1 | G8: 40938.8 | H8: =C8*1000*G8 | I8: =H8*E8/10 | J8: OC2 | K8: Employment exact from Eurostat lfsa_egai2d; earnings anchored to direct 2022 SES major-group occupation earnings, then distributed within group proportionally. | L8: https://ec.europa.eu/eurostat/api/dissemination/statistics/1.0/data/lfsa_egai2d?geo=EU27_2020&sex=T&unit=THS_PER&time=2024&lang=EN | https://www.ine.es/dyngs/Prensa/en/EES2022.pdf | M8: =G8/Controls!$B$2 | N8: =M8*Controls!$B$3 | O8: =M8*Controls!$B$4 | P8: =M8*Controls!$B$5 | Q8: =C8*1000*N8*E8/10 | R8: =C8*1000*O8*E8/10 | S8: =C8*1000*P8*E8/10 | T8: 1
A9: OC22 | B9: Health professionals | C9: 6070.3 | D9: 6.0703 | E9: 3 | F9: 0 | G9: 37906.3 | H9: =C9*1000*G9 | I9: =H9*E9/10 | J9: OC2 | K9: Employment exact from Eurostat lfsa_egai2d; earnings anchored to direct 2022 SES major-group occupation earnings, then distributed within group proportionally. | L9: https://ec.europa.eu/eurostat/api/dissemination/statistics/1.0/data/lfsa_egai2d?geo=EU27_2020&sex=T&unit=THS_PER&time=2024&lang=EN | https://www.ine.es/dyngs/Prensa/en/EES2022.pdf | M9: =G9/Controls!$B$2 | N9: =M9*Controls!$B$3 | O9: =M9*Controls!$B$4 | P9: =M9*Controls!$B$5 | Q9: =C9*1000*N9*E9/10 | R9: =C9*1000*O9*E9/10 | S9: =C9*1000*P9*E9/10 | T9: 1
A10: OC23 | B10: Teaching professionals | C10: 10871.3 | D10: 10.8713 | E10: 4.4 | F10: 0 | G10: 34873.79 | H10: =C10*1000*G10 | I10: =H10*E10/10 | J10: OC2 | K10: Employment exact from Eurostat lfsa_egai2d; earnings anchored to direct 2022 SES major-group occupation earnings, then distributed within group proportionally. | L10: https://ec.europa.eu/eurostat/api/dissemination/statistics/1.0/data/lfsa_egai2d?geo=EU27_2020&sex=T&unit=THS_PER&time=2024&lang=EN | https://www.ine.es/dyngs/Prensa/en/EES2022.pdf | M10: =G10/Controls!$B$2 | N10: =M10*Controls!$B$3 | O10: =M10*Controls!$B$4 | P10: =M10*Controls!$B$5 | Q10: =C10*1000*N10*E10/10 | R10: =C10*1000*O10*E10/10 | S10: =C10*1000*P10*E10/10 | T10: 1
A11: OC24 | B11: Business and administration professionals | C11: 9700.9 | D11: 9.7009 | E11: 8.2 | F11: 1 | G11: 42455.05 | H11: =C11*1000*G11 | I11: =H11*E11/10 | J11: OC2 | K11: Employment exact from Eurostat lfsa_egai2d; earnings anchored to direct 2022 SES major-group occupation earnings, then distributed within group proportionally. | L11: https://ec.europa.eu/eurostat/api/dissemination/statistics/1.0/data/lfsa_egai2d?geo=EU27_2020&sex=T&unit=THS_PER&time=2024&lang=EN | https://www.ine.es/dyngs/Prensa/en/EES2022.pdf | M11: =G11/Controls!$B$2 | N11: =M11*Controls!$B$3 | O11: =M11*Controls!$B$4 | P11: =M11*Controls!$B$5 | Q11: =C11*1000*N11*E11/10 | R11: =C11*1000*O11*E11/10 | S11: =C11*1000*P11*E11/10 | T11: 1
A12: OC25 | B12: Information and communications technology professionals | C12: 5270.6 | D12: 5.2706 | E12: 8.8 | F12: 1 | G12: 43971.31 | H12: =C12*1000*G12 | I12: =H12*E12/10 | J12: OC2 | K12: Employment exact from Eurostat lfsa_egai2d; earnings anchored to direct 2022 SES major-group occupation earnings, then distributed within group proportionally. | L12: https://ec.europa.eu/eurostat/api/dissemination/statistics/1.0/data/lfsa_egai2d?geo=EU27_2020&sex=T&unit=THS_PER&time=2024&lang=EN | https://www.ine.es/dyngs/Prensa/en/EES2022.pdf | M12: =G12/Controls!$B$2 | N12: =M12*Controls!$B$3 | O12: =M12*Controls!$B$4 | P12: =M12*Controls!$B$5 | Q12: =C12*1000*N12*E12/10 | R12: =C12*1000*O12*E12/10 | S12: =C12*1000*P12*E12/10 | T12: 1
A13: OC26 | B13: Legal, social and cultural professionals | C13: 6073.2 | D13: 6.0732 | E13: 7.9 | F13: 1 | G13: 37906.3 | H13: =C13*1000*G13 | I13: =H13*E13/10 | J13: OC2 | K13: Employment exact from Eurostat lfsa_egai2d; earnings anchored to direct 2022 SES major-group occupation earnings, then distributed within group proportionally. | L13: https://ec.europa.eu/eurostat/api/dissemination/statistics/1.0/data/lfsa_egai2d?geo=EU27_2020&sex=T&unit=THS_PER&time=2024&lang=EN | https://www.ine.es/dyngs/Prensa/en/EES2022.pdf | M13: =G13/Controls!$B$2 | N13: =M13*Controls!$B$3 | O13: =M13*Controls!$B$4 | P13: =M13*Controls!$B$5 | Q13: =C13*1000*N13*E13/10 | R13: =C13*1000*O13*E13/10 | S13: =C13*1000*P13*E13/10 | T13: 1
... A32: OC62 | B32: Market-oriented skilled forestry, fishery and hunting workers | C32: 241.3 | D32: 0.2413 | E32: 0.8 | F32: 0 | G32: 22107.77 | H32: =C32*1000*G32 | I32: =H32*E32/10 | J32: OC6 | K32: Employment exact from Eurostat lfsa_egai2d; earnings anchored to direct 2022 SES major-group occupation earnings, then distributed within group proportionally. | L32: https://ec.europa.eu/eurostat/api/dissemination/statistics/1.0/data/lfsa_egai2d?geo=EU27_2020&sex=T&unit=THS_PER&time=2024&lang=EN | https://www.ine.es/dyngs/Prensa/en/EES2022.pdf | M32: =G32/Controls!$B$2 | N32: =M32*Controls!$B$3 | O32: =M32*Controls!$B$4 | P32: =M32*Controls!$B$5 | Q32: =C32*1000*N32*E32/10 | R32: =C32*1000*O32*E32/10 | S32: =C32*1000*P32*E32/10 | T32: 1
A33: OC63 | B33: Subsistence farmers, fishers, hunters and gatherers | E33: 0.6 | F33: 0 | G33: 14240 | H33: =C33*1000*G33 | I33: =H33*E33/10 | J33: OC6 | K33: Employment exact from Eurostat lfsa_egai2d; earnings anchored to direct 2022 SES major-group occupation earnings, then distributed within group proportionally. | L33: https://ec.europa.eu/eurostat/api/dissemination/statistics/1.0/data/lfsa_egai2d?geo=EU27_2020&sex=T&unit=THS_PER&time=2024&lang=EN | https://www.ine.es/dyngs/Prensa/en/EES2022.pdf | M33: =G33/Controls!$B$2 | N33: =M33*Controls!$B$3 | O33: =M33*Controls!$B$4 | P33: =M33*Controls!$B$5 | Q33: =C33*1000*N33*E33/10 | R33: =C33*1000*O33*E33/10 | S33: =C33*1000*P33*E33/10 | T33: 1
A34: OC7 | B34: Craft and related trades workers | C34: 22111.8 | D34: 22.1118 | E34: 1.8 | F34: 0 | G34: 24318.03 | H34: =C34*1000*G34 | I34: =H34*E34/10 | J34: OC7 | K34: Employment exact from Eurostat lfsa_egai2d; earnings anchored to direct 2022 SES major-group occupation earnings, then distributed within group proportionally. | L34: https://ec.europa.eu/eurostat/api/dissemination/statistics/1.0/data/lfsa_egai2d?geo=EU27_2020&sex=T&unit=THS_PER&time=2024&lang=EN | https://www.ine.es/dyngs/Prensa/en/EES2022.pdf | M34: =G34/Controls!$B$2 | N34: =M34*Controls!$B$3 | O34: =M34*Controls!$B$4 | P34: =M34*Controls!$B$5 | Q34: =C34*1000*N34*E34/10 | R34: =C34*1000*O34*E34/10 | S34: =C34*1000*P34*E34/10 | T34: 0
A35: OC71 | B35: Building and related trades workers, excluding electricians | C35: 7411 | D35: 7.411 | E35: 1.1 | F35: 0 | G35: 24566.98 | H35: =C35*1000*G35 | I35: =H35*E35/10 | J35: OC7 | K35: Employment exact from Eurostat lfsa_egai2d; earnings anchored to direct 2022 SES major-group occupation earnings, then distributed within group proportionally. | L35: https://ec.europa.eu/eurostat/api/dissemination/statistics/1.0/data/lfsa_egai2d?geo=EU27_2020&sex=T&unit=THS_PER&time=2024&lang=EN | https://www.ine.es/dyngs/Prensa/en/EES2022.pdf | M35: =G35/Controls!$B$2 | N35: =M35*Controls!$B$3 | O35: =M35*Controls!$B$4 | P35: =M35*Controls!$B$5 | Q35: =C35*1000*N35*E35/10 | R35: =C35*1000*O35*E35/10 | S35: =C35*1000*P35*E35/10 | T35: 1
A36: OC72 | B36: Metal, machinery and related trades workers | C36: 7112.3 | D36: 7.1123 | E36: 1.7 | F36: 0 | G36: 25196.91 | H36: =C36*1000*G36 | I36: =H36*E36/10 | J36: OC7 | K36: Employment exact from Eurostat lfsa_egai2d; earnings anchored to direct 2022 SES major-group occupation earnings, then distributed within group proportionally. | L36: https://ec.europa.eu/eurostat/api/dissemination/statistics/1.0/data/lfsa_egai2d?geo=EU27_2020&sex=T&unit=THS_PER&time=2024&lang=EN | https://www.ine.es/dyngs/Prensa/en/EES2022.pdf | M36: =G36/Controls!$B$2 | N36: =M36*Controls!$B$3 | O36: =M36*Controls!$B$4 | P36: =M36*Controls!$B$5 | Q36: =C36*1000*N36*E36/10 | R36: =C36*1000*O36*E36/10 | S36: =C36*1000*P36*E36/10 | T36: 1
A37: OC73 | B37: Handicraft and printing workers | C37: 898.8 | D37: 0.8988 | E37: 3.6 | F37: 0 | G37: 22047.29 | H37: =C37*1000*G37 | I37: =H37*E37/10 | J37: OC7 | K37: Employment exact from Eurostat lfsa_egai2d; earnings anchored to direct 2022 SES major-group occupation earnings, then distributed within group proportionally. | L37: https://ec.europa.eu/eurostat/api/dissemination/statistics/1.0/data/lfsa_egai2d?geo=EU27_2020&sex=T&unit=THS_PER&time=2024&lang=EN | https://www.ine.es/dyngs/Prensa/en/EES2022.pdf | M37: =G37/Controls!$B$2 | N37: =M37*Controls!$B$3 | O37: =M37*Controls!$B$4 | P37: =M37*Controls!$B$5 | Q37: =C37*1000*N37*E37/10 | R37: =C37*1000*O37*E37/10 | S37: =C37*1000*P37*E37/10 | T37: 1
A38: OC74 | B38: Electrical and electronic trades workers | C38: 3007.9 | D38: 3.0079 | E38: 2 | F38: 0 | G38: 25826.83 | H38: =C38*1000*G38 | I38: =H38*E38/10 | J38: OC7 | K38: Employment exact from Eurostat lfsa_egai2d; earnings anchored to direct 2022 SES major-group occupation earnings, then distributed within group proportionally. | L38: https://ec.europa.eu/eurostat/api/dissemination/statistics/1.0/data/lfsa_egai2d?geo=EU27_2020&sex=T&unit=THS_PER&time=2024&lang=EN | https://www.ine.es/dyngs/Prensa/en/EES2022.pdf | M38: =G38/Controls!$B$2 | N38: =M38*Controls!$B$3 | O38: =M38*Controls!$B$4 | P38: =M38*Controls!$B$5 | Q38: =C38*1000*N38*E38/10 | R38: =C38*1000*O38*E38/10 | S38: =C38*1000*P38*E38/10 | T38: 1
A39: OC75 | B39: Food processing, wood working, garment and other craft and related trades workers | C39: 3652 | D39: 3.652 | E39: 2.4 | F39: 0 | G39: 21417.37 | H39: =C39*1000*G39 | I39: =H39*E39/10 | J39: OC7 | K39: Employment exact from Eurostat lfsa_egai2d; earnings anchored to direct 2022 SES major-group occupation earnings, then distributed within group proportionally. | L39: https://ec.europa.eu/eurostat/api/dissemination/statistics/1.0/data/lfsa_egai2d?geo=EU27_2020&sex=T&unit=THS_PER&time=2024&lang=EN | https://www.ine.es/dyngs/Prensa/en/EES2022.pdf | M39: =G39/Controls!$B$2 | N39: =M39*Controls!$B$3 | O39: =M39*Controls!$B$4 | P39: =M39*Controls!$B$5 | Q39: =C39*1000*N39*E39/10 | R39: =C39*1000*O39*E39/10 | S39: =C39*1000*P39*E39/10 | T39: 1
A40: OC8 | B40: Plant and machine operators and assemblers | C40: 14454.1 | D40: 14.4541 | E40: 2.1 | F40: 0 | G40: 24792.88 | H40: =C40*1000*G40 | I40: =H40*E40/10 | J40: OC8 | K40: Employment exact from Eurostat lfsa_egai2d; earnings anchored to direct 2022 SES major-group occupation earnings, then distributed within group proportionally. | L40: https://ec.europa.eu/eurostat/api/dissemination/statistics/1.0/data/lfsa_egai2d?geo=EU27_2020&sex=T&unit=THS_PER&time=2024&lang=EN | https://www.ine.es/dyngs/Prensa/en/EES2022.pdf | M40: =G40/Controls!$B$2 | N40: =M40*Controls!$B$3 | O40: =M40*Controls!$B$4 | P40: =M40*Controls!$B$5 | Q40: =C40*1000*N40*E40/10 | R40: =C40*1000*O40*E40/10 | S40: =C40*1000*P40*E40/10 | T40: 0
A41: OC81 | B41: Stationary plant and machine operators | C41: 4611.1 | D41: 4.6111 | E41: 2.2 | F41: 0 | G41: 25247.54 | H41: =C41*1000*G41 | I41: =H41*E41/10 | J41: OC8 | K41: Employment exact from Eurostat lfsa_egai2d; earnings anchored to direct 2022 SES major-group occupation earnings, then distributed within group proportionally. | L41: https://ec.europa.eu/eurostat/api/dissemination/statistics/1.0/data/lfsa_egai2d?geo=EU27_2020&sex=T&unit=THS_PER&time=2024&lang=EN | https://www.ine.es/dyngs/Prensa/en/EES2022.pdf | M41: =G41/Controls!$B$2 | N41: =M41*Controls!$B$3 | O41: =M41*Controls!$B$4 | P41: =M41*Controls!$B$5 | Q41: =C41*1000*N41*E41/10 | R41: =C41*1000*O41*E41/10 | S41: =C41*1000*P41*E41/10 | T41: 1
A42: OC82 | B42: Assemblers | C42: 1612.8 | D42: 1.6128 | E42: 2.6 | F42: 0 | G42: 22891.11 | H42: =C42*1000*G42 | I42: =H42*E42/10 | J42: OC8 | K42: Employment exact from Eurostat lfsa_egai2d; earnings anchored to direct 2022 SES major-group occupation earnings, then distributed within group proportionally. | L42: https://ec.europa.eu/eurostat/api/dissemination/statistics/1.0/data/lfsa_egai2d?geo=EU27_2020&sex=T&unit=THS_PER&time=2024&lang=EN | https://www.ine.es/dyngs/Prensa/en/EES2022.pdf | M42: =G42/Controls!$B$2 | N42: =M42*Controls!$B$3 | O42: =M42*Controls!$B$4 | P42: =M42*Controls!$B$5 | Q42: =C42*1000*N42*E42/10 | R42: =C42*1000*O42*E42/10 | S42: =C42*1000*P42*E42/10 | T42: 1
A43: OC83 | B43: Drivers and mobile plant operators | C43: 8224 | D43: 8.224 | E43: 1.6 | F43: 0 | G43: 24910.91 | H43: =C43*1000*G43 | I43: =H43*E43/10 | J43: OC8 | K43: Employment exact from Eurostat lfsa_egai2d; earnings anchored to direct 2022 SES major-group occupation earnings, then distributed within group proportionally. | L43: https://ec.europa.eu/eurostat/api/dissemination/statistics/1.0/data/lfsa_egai2d?geo=EU27_2020&sex=T&unit=THS_PER&time=2024&lang=EN | https://www.ine.es/dyngs/Prensa/en/EES2022.pdf | M43: =G43/Controls!$B$2 | N43: =M43*Controls!$B$3 | O43: =M43*Controls!$B$4 | P43: =M43*Controls!$B$5 | Q43: =C43*1000*N43*E43/10 | R43: =C43*1000*O43*E43/10 | S43: =C43*1000*P43*E43/10 | T43: 1
A44: OC9 | B44: Elementary occupations | C44: 15620.1 | D44: 15.6201 | E44: 1.3 | F44: 0 | G44: 17017.06 | H44: =C44*1000*G44 | I44: =H44*E44/10 | J44: OC9 | K44: Employment exact from Eurostat lfsa_egai2d; earnings anchored to direct 2022 SES major-group occupation earnings, then distributed within group proportionally. | L44: https://ec.europa.eu/eurostat/api/dissemination/statistics/1.0/data/lfsa_egai2d?geo=EU27_2020&sex=T&unit=THS_PER&time=2024&lang=EN | https://www.ine.es/dyngs/Prensa/en/EES2022.pdf | M44: =G44/Controls!$B$2 | N44: =M44*Controls!$B$3 | O44: =M44*Controls!$B$4 | P44: =M44*Controls!$B$5 | Q44: =C44*1000*N44*E44/10 | R44: =C44*1000*O44*E44/10 | S44: =C44*1000*P44*E44/10 | T44: 0
A45: OC91 | B45: Cleaners and helpers | C45: 6147.3 | D45: 6.1473 | E45: 1 | F45: 0 | G45: 16732.56 | H45: =C45*1000*G45 | I45: =H45*E45/10 | J45: OC9 | K45: Employment exact from Eurostat lfsa_egai2d; earnings anchored to direct 2022 SES major-group occupation earnings, then distributed within group proportionally. | L45: https://ec.europa.eu/eurostat/api/dissemination/statistics/1.0/data/lfsa_egai2d?geo=EU27_2020&sex=T&unit=THS_PER&time=2024&lang=EN | https://www.ine.es/dyngs/Prensa/en/EES2022.pdf | M45: =G45/Controls!$B$2 | N45: =M45*Controls!$B$3 | O45: =M45*Controls!$B$4 | P45: =M45*Controls!$B$5 | Q45: =C45*1000*N45*E45/10 | R45: =C45*1000*O45*E45/10 | S45: =C45*1000*P45*E45/10 | T45: 1
... A54: OC03 | B54: Armed forces occupations, other ranks | C54: 573.1 | D54: 0.5731 | E54: 0.8 | F54: 0 | G54: 17956.47 | H54: =C54*1000*G54 | I54: =H54*E54/10 | J54: OC0 | K54: Employment exact from Eurostat lfsa_egai2d; earnings anchored to direct 2022 SES major-group occupation earnings, then distributed within group proportionally. | L54: https://ec.europa.eu/eurostat/api/dissemination/statistics/1.0/data/lfsa_egai2d?geo=EU27_2020&sex=T&unit=THS_PER&time=2024&lang=EN | https://www.ine.es/dyngs/Prensa/en/EES2022.pdf | M54: =G54/Controls!$B$2 | N54: =M54*Controls!$B$3 | O54: =M54*Controls!$B$4 | P54: =M54*Controls!$B$5 | Q54: =C54*1000*N54*E54/10 | R54: =C54*1000*O54*E54/10 | S54: =C54*1000*P54*E54/10 | T54: 1

Sheet Method
A1: Method
A2: v3 keeps exact Eurostat 2024 employment by 2-digit occupation from lfsa_egai2d.
A3: Exposure scores remain modeled at the occupation level.
A4: Earnings were upgraded from a single-point proxy to a country-anchored envelope.
A5: Country salary benchmarks use Eurostat published 2022 annual full-time adjusted salaries for 26 EU countries (Netherlands excluded in the source article).
A6: For each occupation, an earnings multiplier vs the EU average salary is derived from the prior occupation proxy.
A7: That multiplier is applied to the 25th percentile, median, and 75th percentile of country salary benchmarks to produce low, mid, and high occupation salary cases.
A8: This improves transparency and gives a defensible range, but it is still not a direct occupation-specific extract from earn_ses22_49.
A9: A publishable final version still requires direct 2022 occupation earnings from Eurostat SES (earn_ses22_49) or an equivalent official extraction.

Sheet Sources
A1: source | B1: url | C1: note
A2: Eurostat employment API | B2: https://ec.europa.eu/eurostat/api/dissemination/statistics/1.0/data/lfsa_egai2d?geo=EU27_2020&sex=T&unit=THS_PER&time=2024&lang=EN | C2: Exact employment source used in workbook
A3: Eurostat earnings dataset | B3: https://ec.europa.eu/eurostat/databrowser/product/page/earn_ses22_49 | C3: Needed to replace proxy earnings with direct occupation values
A4: Eurostat annual salary headline | B4: https://ec.europa.eu/eurostat/web/products-eurostat-news/w/ddn-20241107-1 | C4: 2022 EU average annual full-time adjusted salary = €35,600
A5: OpenAI paper | B5: https://arxiv.org/abs/2303.10130 | C5: Exposure scoring inspiration
A6: Eurostat annual full-time adjusted salary article (2023 release, includes 2022 values) | B6: https://ec.europa.eu/eurostat/web/products-eurostat-news/w/ddn-20241107-1 | C6: Used for country salary benchmark sheet
A7: Eurostat earnings metadata | B7: https://ec.europa.eu/eurostat/web/labour-market/information-data/earnings | C7: SES 2022 covers occupation but direct cube not fully extracted here
A8: SES_2022_occupation_anchor | B8: https://www.ine.es/dyngs/Prensa/en/EES2022.pdf | C8: Spain 2022 Wage Structure Survey: annual average earnings per employee by occupation
A9: EIGE_earn_ses_annual_metadata | B9: https://dgs-p.eige.europa.eu/data/information/ta_livcond_inc_earn_annual_gen__earn_ses_annual | C9: Occupation, indicator, sex, worktime and NACE code definitions for SES annual earnings dataset
A10: Eurostat_2018_occupation_news | B10: https://ec.europa.eu/eurostat/web/products-eurostat-news/-/ddn-20210527-1 | C10: Official Eurostat occupation earnings article used as EU-level directional cross-check

Sheet Country_Salary_2022
A1: country | B1: avg_full_time_salary_2022_eur | C1: source_url
A2: Luxembourg | B2: 75409 | C2: https://ec.europa.eu/eurostat/web/products-eurostat-news/w/ddn-20241107-1
A3: Denmark | B3: 65168 | C3: https://ec.europa.eu/eurostat/web/products-eurostat-news/w/ddn-20241107-1
A4: Ireland | B4: 54312 | C4: https://ec.europa.eu/eurostat/web/products-eurostat-news/w/ddn-20241107-1
A5: Belgium | B5: 53418 | C5: https://ec.europa.eu/eurostat/web/products-eurostat-news/w/ddn-20241107-1
A6: Austria | B6: 50741 | C6: https://ec.europa.eu/eurostat/web/products-eurostat-news/w/ddn-20241107-1
A7: Germany | B7: 47731 | C7: https://ec.europa.eu/eurostat/web/products-eurostat-news/w/ddn-20241107-1
A8: Finland | B8: 46621 | C8: https://ec.europa.eu/eurostat/web/products-eurostat-news/w/ddn-20241107-1
A9: Sweden | B9: 46436 | C9: https://ec.europa.eu/eurostat/web/products-eurostat-news/w/ddn-20241107-1
A10: France | B10: 40823 | C10: https://ec.europa.eu/eurostat/web/products-eurostat-news/w/ddn-20241107-1
A11: Slovenia | B11: 30245 | C11: https://ec.europa.eu/eurostat/web/products-eurostat-news/w/ddn-20241107-1
A12: Italy | B12: 31847 | C12: https://ec.europa.eu/eurostat/web/products-eurostat-news/w/ddn-20241107-1
A13: Spain | B13: 30867 | C13: https://ec.europa.eu/eurostat/web/products-eurostat-news/w/ddn-20241107-1
... A27: Bulgaria | B27: 11880 | C27: https://ec.europa.eu/eurostat/web/products-eurostat-news/w/ddn-20241107-1

Sheet Controls
A1: Control | B1: Value | C1: Notes
A2: EU_avg_salary_2022 | B2: 35638 | C2: Eurostat EU average annual full-time adjusted salary in 2022
A3: Country_P25_salary_2022 | B3: 18706.25 | C3: 25th percentile across 26 reported EU countries
A4: Country_Median_salary_2022 | B4: 27373 | C4: Median across 26 reported EU countries
A5: Country_P75_salary_2022 | B5: 46574.75 | C5: 75th percentile across 26 reported EU countries
A6: Country_Min_salary_2022 | B6: =MIN(Country_Salary_2022!B2:B27) | C6: Minimum across 26 reported EU countries
A7: Country_Max_salary_2022 | B7: =MAX(Country_Salary_2022!B2:B27) | C7: Country benchmarks use Eurostat national salary article; occupation-layer now SES major-group anchored
A8: Coverage_note | C8: Country benchmarks use Eurostat national salary article; occupation-layer still modeled
